type,id,ntags,tagkey,tagvalue,nodes
way,4095389,11,"['foot', 'highway', 'lanes', 'lit', 'name', 'oneway', 'postal_code', 'ref', 'sidewalk', 'smoking', 'surface']","['no', 'tertiary', '3', 'yes', 'University Avenue', 'yes', '1101', '175', 'separate', 'no', 'asphalt']","[17216409,2672533803,2074398262,4412520606,2074398260,17216442]"
way,4308740,3,"['highway', 'name', 'surface']","['unclassified', 'F. Ma. Guerrero', 'concrete']","[17216414,2947162299,2947162296,3981680986,3981680987,3983839987,1402839299,1402839308,30763177,4412520589,26082684]"
way,4308743,3,"['highway', 'name', 'surface']","['unclassified', 'Laurel Avenue', 'concrete']","[30763115,3981680993,30763116,33625122,3981680992,3981680991,26082653]"
way,4351562,4,"['boundary', 'highway', 'level', 'name']","['religious', 'residential', '10', 'Aguinaldo']","[22352654,351982074,5464286827,1235577980,1319775844,5464780905,26504655,1319775962,26504551,369135831,1235577984,1649990562,6097106258,26504542]"
way,4486540,10,"['bus:lanes', 'cycleway:lane', 'cycleway:left', 'highway', 'lanes', 'lcn', 'maxspeed', 'name', 'oneway', 'sidewalk']","['no|yes|designated', 'advisory', 'lane', 'tertiary', '2', 'yes', '50', 'M. Roxas Avenue', 'yes', 'both']","[17216429,5446837614,5446837610,321704553,5446856663,4412520596,5446843357,5446790520,5319900263,17216432,5449354299,321704550,2672504744,5449354298,4988311112]"
way,4588969,4,"['access', 'highway', 'name', 'surface']","['yes', 'unclassified', 'A. Ma. Regidor', 'concrete']","[29025065,5465081184,5465081178,2672533750,433178870]"
way,4588972,2,"['highway', 'service']","['service', 'driveway']","[17216432,5369579207,5449354282,1421879972,433178848]"
way,4588977,3,"['highway', 'name', 'oneway']","['unclassified', 'Shuster', 'yes']","[29025065,1404393438,5832237785]"
way,4794353,4,"['access', 'highway', 'name', 'postal_code']","['destination', 'unclassified', 'Emilio Jacinto', '1101']","[30763205,1402231133,5465086251,2672504810,2672562973,6505167957,5465124136,5465116142,6505167962,6505167961,2074398241,30763179,30763180,1931500057,1402297913,1931500052,2074398230,7176502733,7176502746,7176502736,2365538805,30763515]"
way,4922717,3,"['highway', 'name', 'oneway']","['residential', 'Lt. J. Francisco', 'yes']","[30763518,2569140138,2569140129,2569150776,30763520,5465013062,30763519,30763521]"
way,4922719,4,"['admin_level', 'boundary', 'highway', 'name']","['10', 'administrative', 'residential', 'B. Baluyot']","[1096054480,2193903081,30763516,606282221,3964405947,30763517,606282223,30763518,5464983934,5464983933,1422732173,5464983935,321702314]"
way,4922725,3,"['highway', 'name', 'oneway']","['residential', 'V. Francisco', 'yes']","[30763516,2672533775,30763523,2569323070,2193903106,30763524,30763525,2672700128,2672700108,30763522]"
way,4922726,3,"['access', 'highway', 'name']","['destination', 'unclassified', 'E. De los Santos']","[29025461,5446811921,6626961642,427518898,5465086253,5465086254,5465086255,4412524982,321701050,2947144251,321701051,1319793350,30763186,1432591802,321701052,1421875702,5464286856,1541787787,30763200]"
way,4922728,3,"['highway', 'name', 'oneway']","['unclassified', 'F. Agoncillo Street', 'yes']","[30763142,321703869,321703860,321703863,26082614,30763091,3365347774,3365347777,30763115]"
way,4922734,2,"['highway', 'name']","['residential', 'Village B']","[30763179,30763183]"
way,4922737,2,"['highway', 'name']","['residential', 'Village B']","[30763180,30763184]"
way,4922743,2,"['highway', 'name']","['unclassified', 'Pardo de Tavera']","[30763185,2672562967,5446879741,321700656,321700657,5446879746,5446879747,321700658,4903638318,5446879752,5446879750,30763114]"
way,4922744,3,"['access', 'highway', 'name']","['destination', 'unclassified', 'Lakandula']","[30763205,5465086242,6505167959,30763182,427518898]"
way,4922745,2,"['highway', 'name']","['residential', 'C. V. Francisco']","[30763505,30763506,2672699909,750534443,30763511,5464969470,750534417,750534450,750534447,30763499,30763498,5465013064,30763494]"
way,4922746,4,"['access', 'highway', 'name', 'postal_code']","['destination', 'unclassified', 'Delos Reyes', '1101']","[30763182,30763183,2672514241,30763184,1402297896,1402297920,5464974894,30763178]"
way,4922747,2,"['highway', 'name']","['residential', 'H. R. Ocampo']","[30763493,5465013063,30763497,30763500,5464969472,5464969471,1422732174,30763510,5464988112,30763508,30763513]"
way,4922748,4,"['admin_level', 'boundary', 'highway', 'name']","['10', 'administrative', 'residential', 'V. Manansala']","[3243901162,1649990355,1649990317,1649990359,1649990344,1649990301,30763495,30763496,1422732171,5464969462,5464969463,30763501]"
way,5032423,2,"['highway', 'name']","['residential', 'Balagtas']","[30763151,1422779200,321701210,30763152,30763144,433178879,2910765266,30763146,1422779199,5499240541,30763147,30763148,321704346,5499240542,30763162,5499240544,5499240540,5499240543,30763161]"
way,5032424,2,"['highway', 'name']","['residential', 'Roces']","[26082653,433178891,321703742,338421121,30763125,30764650,30763124,30763135]"
way,5032425,2,"['highway', 'name']","['residential', 'Juan Luna']","[30763161,30763136,5499199733,30763137,30763169,5499199732,1422779198,5499199731,1399399938,5499199730,30763170,5499199729,5499199728,309614055,309614056,5499338449,1541787708,30763171]"
way,5032426,2,"['highway', 'name']","['residential', 'Apacible']","[30763137,30763133,1399425188,5499199736,1402839304,1399425187,1402839310,5499199737,1402839303,30763129,30763126,33625122]"
way,5032427,2,"['highway', 'name']","['residential', 'Agoncillo']","[30763115,30763242,5499364257,5499364254,30763167,5499364255,5499364261,30763166,5499364252,30763168]"
way,5032428,1,['highway'],['residential'],"[1629353724,5499370842,30763133,5499199738,5499199735,5499370603,30763168,5499364251,5499364250,5499199739,30763138,5499364249,30763139,5499240559,5499240567,5499240566,30763172]"
way,5095080,1,['highway'],['unclassified'],"[30763220,5464155028,4412524970,30763221,5464155034,1915570521,1858110586,5464155038,433036624]"
way,5095081,3,"['highway', 'name', 'surface']","['unclassified', 'Magsaysay Avenue', 'concrete']","[26082601,1515530014,30763143,798854023]"
way,5095082,2,"['highway', 'name']","['residential', 'P. Valenzuela']","[30763126,321703748,321703749,30763125]"
way,5095084,2,"['highway', 'name']","['unclassified', 'A. Ma. Regidor']","[433178870,321700123,321704486,30763218,1915570664,1319776011,321700103,1319776039,30763219,2672533747,1319775977]"
way,5095085,3,"['access', 'highway', 'name']","['destination', 'unclassified', 'Maramag']","[321702436,5464959662,30763243,5464959663,1319775908,1319775957]"
way,5095087,2,"['highway', 'name']","['residential', 'Bautista']","[30763162,5499199734,30763135]"
way,5095089,1,['highway'],['service'],"[30763150,30763144]"
way,5095091,2,"['highway', 'name']","['residential', 'M. Viola']","[30763129,1402839309,30763124,30763148]"
way,5095092,3,"['highway', 'name', 'surface']","['unclassified', 'Africa', 'concrete']","[4988311112,3981680980,4324757103]"
way,5095093,2,"['highway', 'name']","['residential', 'Bernardo']","[30763147,5499240533,30764650]"
way,5095094,2,"['highway', 'name']","['residential', 'Dagohoy']","[26082644,5499364259,1399425189,30763092,2672530030,30763095]"
way,5095097,1,['highway'],['service'],"[30763175,5499338445,5499338444,30763176]"
way,5095102,1,['highway'],['residential'],"[30763097,2634897433,5499338437,30763096]"
way,5095103,2,"['highway', 'name']","['unclassified', 'Ylanan']","[30763158,321704106,321701078,259135455,2910765277,30763159,2910765268,1772428739,1352595099,1688046467,2162170729]"
way,5095104,1,['highway'],['residential'],"[30763169,5499364248,30763138]"
way,5095105,2,"['highway', 'name']","['residential', 'Gomburza']","[26082644,5499364258,2453005670,5499338439,30763175,5499338440,5499338441,5499338446,5499199742,30763241,5499199726,30763163,30763139,1399399935,5499199727,1399399936,1399399938]"
way,5095107,2,"['highway', 'name']","['residential', 'Ricarte']","[30763093,30763094]"
way,5095109,3,"['highway', 'name', 'oneway']","['unclassified', 'G. Apacible', 'yes']","[30763116,3365347778,3975131122,3975131119,7099005434,3979256434,30763089,3979256432,3973565809,321703841,338421180,1422671929]"
way,5095271,2,"['highway', 'parking:lane:both']","['unclassified', 'no_parking']","[30763158,2672533834,2947191968,2947201513]"
way,5095272,3,"['highway', 'name', 'surface']","['residential', 'Dagohoy', 'asphalt']","[30763096,1130535837,5499338438,1130535525,30763092,1130535501,30763093,5822210625,5822210626,30763143]"
way,6259695,2,"['access', 'highway']","['yes', 'service']","[2947162299,1515529795,6938778733]"
way,6259703,1,['highway'],['residential'],"[30763174,5499338447,30763173,1402839311,5499240563,1402839305,5499329523,1402839298,5499329524,5499338448,30763171]"
way,6259712,1,['highway'],['service'],"[30763145,5941661219,321701068,5941661209,5941661232]"
way,6259726,1,['highway'],['service'],"[29025095,2459343846,30763102]"
way,6259728,1,['highway'],['service'],"[30763177,30763091]"
way,20283921,4,"['admin_level', 'boundary', 'highway', 'name']","['10', 'administrative', 'residential', 'Magiting']","[32476327,215003230,1096054480]"
way,20283958,5,"['highway', 'lanes', 'name', 'oneway', 'surface']","['residential', '2', 'Masinsinan', 'yes', 'concrete']","[215003059,6328416691,215003230]"
way,22952865,2,"['highway', 'name']","['residential', 'Road 1']","[247302700,5499199751,5499240545,5474648696]"
way,23090403,2,"['highway', 'name']","['residential', 'Maayusin']","[249248943,4164445610,2568712232,249248923,4164219204,249248228,249247678,1316925099,249248473,321702042,1316925102,321702043,249247806,321702044,321702045,249248815,1316925133,1316925125,249247729,1316925116]"
way,23907715,2,"['highway', 'service']","['service', 'parking_aisle']","[3942736787,3942736786,3942736785,259135376]"
way,23907716,2,"['highway', 'oneway']","['service', 'yes']","[4014395572,1829361444,5320408166,5320408182]"
way,23907726,2,"['highway', 'name']","['unclassified', 'R. P. De Guzman']","[259135458,1404295629,1404295640,1404295633,259135463,1422849169,1422849161,5318031188,259135460]"
way,23907727,1,['highway'],['unclassified'],"[259135463,259135466]"
way,24987936,2,"['highway', 'name']","['residential', 'Mahusay']","[249248770,5389838173,1316921526,5389838175,32476298,5389838174,32476366,249247678,3573886193]"
way,24987939,2,"['highway', 'name']","['residential', 'Mapayapa']","[32476366,249248815]"
way,26026283,1,['highway'],['service'],"[1319776058,284135269,321703475,284135270,284135271,1319775949,284135272]"
way,28119724,2,"['highway', 'name']","['residential', 'Marilag']","[249248770,5389838176,1316921531,5389838172,5389838171,249247706,249248363,2568712230,5398148261,249249622,2568712231,249247868,2634996677,2568712233,5398148262,249248943,5389838164,5389838163,249247762,6328416686,6328416685,6328416684]"
way,29251406,10,"['bus:lanes', 'cycleway:lane', 'cycleway:left', 'highway', 'lanes', 'lcn', 'maxspeed', 'name', 'oneway', 'sidewalk']","['no|yes|designated', 'advisory', 'lane', 'tertiary', '2', 'yes', '50', 'Osmeña', 'yes', 'both']","[29025095,273730020,5449447867,5449447866,5464354448,5449447865,273729970,5449447864,5464354449,17216414]"
way,29251411,1,['highway'],['service'],"[5452582541,5452582540,5452582539,1404406229,5452582543,5452582544,5452582545,1404406227,1404406233]"
way,29251412,2,"['highway', 'oneway']","['service', 'yes']","[321697937,1404406233,321697939,5449447864]"
way,29251424,2,"['highway', 'name']","['residential', 'F. Ma. Guerrero']","[26082684,5499364256,26082644]"
way,29251425,3,"['highway', 'name', 'parking:lane']","['unclassified', 'Magsaysay Avenue', 'no_parking']","[798854023,1515530012,1515530011,3983839986,3983839987,3983839985,321702545,321702539,26082614,321703873,3979256433,30763089,5319831140,321703839,5321427007,3979280709,321703828,2672504792,5321427006,30763118]"
way,29251454,2,"['highway', 'service']","['service', 'driveway']","[321698990,321698996,321698999,6463657593,321698991,321698992]"
way,29251458,3,"['highway', 'oneway', 'service']","['service', 'yes', 'driveway']","[321698999,321699095,674929155,321699096,321699097,674929174,321699098,1915570335,1915570337,321699914]"
way,29251486,3,"['highway', 'name', 'oneway']","['secondary', 'Carlos P. Garcia', 'yes']","[321699458,5464823259,5464823260,321699469,321699528,321699529,306542782,306542783]"
way,29251514,1,['highway'],['service'],"[321699662,4903638261]"
way,29251515,3,"['highway', 'oneway', 'service']","['service', 'yes', 'driveway']","[321699664,427518915,321699732,321699733,321699734,321699735,675497809,321699736,321699737,427518921,321699739]"
way,29251528,1,['highway'],['unclassified'],"[321699819,321699906,321699824,321699823,433035737,433035304]"
way,29251529,2,"['highway', 'service']","['service', 'parking_aisle']","[321699820,321699822,321699823]"
way,29251542,2,"['highway', 'service']","['service', 'driveway']","[321699915,6463657592,6463657591]"
way,29251545,2,"['highway', 'service']","['service', 'parking_aisle']","[5464367899,5464367898,321699979,321699976,321699977]"
way,29251546,3,"['highway', 'oneway', 'service']","['service', 'yes', 'driveway']","[321699980,321699987,321699981,321699982,321700028,321699983]"
way,29251548,1,['highway'],['service'],"[321699981,321699985,1319776056,321699986,1319775947]"
way,29251550,2,"['highway', 'service']","['service', 'parking_aisle']","[321699987,321700028]"
way,29251556,1,['highway'],['unclassified'],"[30763220,2672540127,321700100,2672540128,321700094]"
way,29251559,2,"['highway', 'service']","['service', 'parking_aisle']","[321700096,321700099,321700100]"
way,29251586,1,['highway'],['service'],"[321700939,321700941]"
way,29251589,1,['highway'],['service'],"[321700941,321700968,5446868319,5446868320,5446869321,5446869322,321700969,5446869323,5446869324,5446869325,321700970,5446869327,5446869326,321700971,5446869328,5446869329,321700972,5446869330,5446869331,5446869334,5446869333,5446869332,321700973,321700974,321700975,5446837591,5446837594,5446837593,321700976,5449344819,5446837592]"
way,29251594,1,['highway'],['service'],"[321700985,5449344806,321701000]"
way,29251596,1,['highway'],['service'],"[4988311113,5352041682,5449447794,321701021,321701000,321701022]"
way,29251598,4,"['highway', 'oneway', 'parking:lane:both', 'service']","['service', 'yes', 'fire_lane', 'driveway']","[5352103857,5449447871,1931500047,5352041663,5352041662,321701033,5352041664,5352041665,5352041666,5352041669,5352041703,5352041668,5352041667,1931500061,5449447872,5352103858]"
way,29251599,2,"['highway', 'service']","['service', 'parking_aisle']","[321701022,5449447825,5352041669]"
way,29251606,2,"['highway', 'name']","['unclassified', 'T. Kalaw']","[427518898,427518897,427518896,5446879739,5446879740,427518894,427518893,2672540133,427518891,30763185]"
way,29251611,3,"['highway', 'oneway', 'service']","['service', 'yes', 'driveway']","[4414979682,5941661231,321701067,2634867136,321701068]"
way,29251613,2,"['highway', 'service']","['service', 'parking_aisle']","[321701068,338421127,5941661213,2947191968]"
way,29251615,1,['highway'],['service'],"[4412522707,321701077,3896060793,321701078]"
way,29251625,2,"['highway', 'oneway']","['service', 'yes']","[321701188,321701193,321701192,321701191,321701190,321701189,321701188]"
way,29251627,2,"['highway', 'oneway']","['service', 'yes']","[321701193,321701208]"
way,29251628,2,"['highway', 'oneway']","['service', 'yes']","[321701207,321701188]"
way,29251629,1,['highway'],['service'],"[321701190,321701210]"
way,29251634,1,['highway'],['service'],"[321701228,321701230,321701231]"
way,29251657,11,"['foot', 'highway', 'lanes', 'lit', 'name', 'oneway', 'postal_code', 'ref', 'sidewalk', 'smoking', 'surface']","['no', 'tertiary', '3', 'yes', 'University Avenue', 'yes', '1101', '175', 'separate', 'no', 'asphalt']","[29025724,5941632467,2672543923,2074398255,1208264634,29025708]"
way,29251742,3,"['access', 'highway', 'name']","['destination', 'unclassified', 'Pardo de Tavera']","[5941602367,4903638231,321702433,5464959661,321702436]"
way,29251747,3,"['access', 'highway', 'name']","['private', 'unclassified', 'J. De Jesus']","[321702433,321702458]"
way,29251749,2,"['highway', 'name']","['unclassified', 'Quirino Avenue']","[30763114,3979195105,675541299,675541307,1649990368,3981680977,3981680978,5795430771]"
way,29251754,2,"['highway', 'oneway']","['service', 'yes']","[321702539,321702542]"
way,29251755,2,"['highway', 'service']","['service', 'parking_aisle']","[321702543,321702548,321702549,321702544]"
way,29251759,2,"['highway', 'oneway']","['service', 'yes']","[321701207,5449458229,5449458230,5449458231,2597316262,5449458234,321702563,5449458232,5449458233,5449458240,5449458235,6505147196,5449458236,5449458239,5449458238,5449458237,321702565]"
way,29251761,1,['highway'],['service'],"[321702543,321702544]"
way,29251780,7,"['cycleway:lane', 'cycleway:left', 'foot', 'highway', 'lanes', 'lcn', 'oneway']","['advisory', 'lane', 'no', 'tertiary', '2', 'yes', 'yes']","[17216409,5472125196,29025439]"
way,29251781,3,"['highway', 'oneway', 'service']","['service', 'yes', 'driveway']","[29024778,5452582525,5464910716,321697933,4412522075,5449447761,321697931,321697928]"
way,29251785,1,['highway'],['service'],"[321699974,5464821489,5464821490,5464367899,321699975]"
way,29251820,10,"['bus:lanes', 'cycleway:lane', 'cycleway:left', 'highway', 'lanes', 'lcn', 'maxspeed', 'name', 'oneway', 'sidewalk']","['no|yes|designated', 'advisory', 'lane', 'tertiary', '2', 'yes', '50', 'Osmeña Avenue', 'yes', 'both']","[26082617,1649990330,4412520604,4414979681,4414979682,5941618073,4414979683,4988311113,5941661245,5352098525]"
way,29251822,2,"['highway', 'name']","['unclassified', 'Quirino Avenue']","[433178870,6228958778,5832233083,321700595,321700596]"
way,29251827,2,"['highway', 'service']","['service', 'parking_aisle']","[321703689,321703690,321703715,628603807,675446696]"
way,29251841,1,['highway'],['service'],"[321703742,321703746,321703747,321703751,321703748]"
way,29251842,1,['highway'],['service'],"[321703746,321703750,321703749]"
way,29251843,3,"['highway', 'service', 'source']","['service', 'parking_aisle', 'Bing']","[321703750,321703751]"
way,29251854,1,['highway'],['service'],"[321703828,3901374989,321703838,321703835,3973717009,321703832]"
way,29251855,2,"['highway', 'service']","['service', 'parking_aisle']","[321703833,321703832,5464874474]"
way,29251856,2,"['highway', 'service']","['service', 'parking_aisle']","[321703835,321703836]"
way,29251857,1,['highway'],['service'],"[321703839,321703840,338421173,321703841]"
way,29251861,3,"['highway', 'oneway', 'service']","['service', 'yes', 'driveway']","[321703855,321703857,2854340795,2854340797,2854340798,2854340796,321703858,2854340794,4412524985]"
way,29251862,1,['highway'],['service'],"[321703860,321703861]"
way,29251864,1,['highway'],['service'],"[321703869,321703870]"
way,29251871,1,['highway'],['service'],"[321704106,321704107,321704108,321704109,321704110,321704107]"
way,29251873,1,['highway'],['service'],"[321704164,321704220,321704221,321704222]"
way,29251890,1,['highway'],['service'],"[2947191968,321704452,1402989978,1402989981]"
way,29251898,1,['highway'],['service'],"[321704489,1915570670,1915570668,1404414658,1915570666,1404414646]"
way,29251904,3,"['highway', 'oneway', 'service']","['service', 'yes', 'driveway']","[321704498,321704507,2947150907,321704508,321704509]"
way,29251906,3,"['highway', 'oneway', 'service']","['service', 'yes', 'driveway']","[321704517,321704518,5446894140,5446894138,5446894139,321704519,5446894136,5446894135,5446894137,5446799142,5452582521,321704520,5446894142,5446894141,5446894143,5446799143,5446894146,5446894144,5446894145,321704521,5446799144]"
way,29251908,3,"['highway', 'oneway', 'service']","['service', 'yes', 'driveway']","[321704550,5449354291,4412514932,5449325807,5449325805,5449325806,321704551,3981680980]"
way,29251909,1,['highway'],['service'],"[321704553,5449354277,5449354273,321704554]"
way,29251951,4,"['admin_level', 'highway', 'name', 'oneway']","['10', 'tertiary', 'Magiting', 'yes']","[1096054454,32476287,606282219,606282212,215002108,606282216,606282217,32476225]"
way,29251954,2,"['highway', 'oneway']","['tertiary', 'yes']","[22352553,6626956816,32476327]"
way,30605401,2,"['highway', 'name']","['residential', 'P. Valenzuela']","[338421121,30763146]"
way,30605402,2,"['highway', 'service']","['service', 'driveway']","[338421123,338421124,2283816480,338421125,338421126]"
way,30605403,2,"['highway', 'service']","['service', 'driveway']","[4414979683,5941661210,5941661232,338421127]"
way,30605412,2,"['highway', 'service']","['service', 'driveway']","[338421173,338421174,338421175,338421176,338421177,338421178,338421179,338421180]"
way,36769816,2,"['highway', 'service']","['service', 'parking_aisle']","[321699737,1235577992,1235577936]"
way,36769817,2,"['highway', 'service']","['service', 'parking_aisle']","[1235577992,427518922,427518921]"
way,36931486,2,"['highway', 'service']","['service', 'driveway']","[429457653,1014439281,429457516,6642588007,1215752882,5383505891,5383505889,949321474,5499252566,5499252563,3942736783]"
way,37201461,3,"['highway', 'junction', 'oneway']","['unclassified', 'roundabout', 'yes']","[433034938,433035022,1915570477,433034952,433035033,1915570514,433034964,433035046,1915570486,433034980,433035062,1915570467,433034994,1915570458,433035077,1915570443,433035005,433035090,1915570409,433035006,1915570397,433035099,433035016,433035117,1915570393,433035017,433035118,433035018,433035119,1915570448,1915570455,1235577935,433034938]"
way,37201467,2,"['highway', 'oneway']","['unclassified', 'yes']","[433034964,1915570488,6773324888,5464286904,765257057]"
way,37201468,1,['highway'],['unclassified'],"[433035369,2212992582,1235577936,433035341]"
way,37201469,2,"['highway', 'oneway']","['unclassified', 'yes']","[433035183,433035384,433035388,433035400,433035369]"
way,37201470,2,"['highway', 'oneway']","['unclassified', 'yes']","[433035369,433035414,433035426,433035436,433035232]"
way,37201472,2,"['highway', 'oneway']","['unclassified', 'yes']","[433035118,433035457,433035513,433035539,433035543,433035557]"
way,37201473,2,"['highway', 'oneway']","['unclassified', 'yes']","[433035557,433035584,433035599,433035606,433035619,433034938]"
way,37201474,1,['highway'],['unclassified'],"[433035557,6773540187,6773494903,1903908412,433035646]"
way,37201475,1,['highway'],['unclassified'],"[30763220,433035669]"
way,37201476,2,"['highway', 'oneway']","['unclassified', 'yes']","[433034952,5464155027,1235577933,433035669]"
way,37201477,2,"['highway', 'oneway']","['unclassified', 'yes']","[433035669,1235577988,1915570488,1915570486]"
way,37201478,2,"['highway', 'service']","['service', 'parking_aisle']","[321699824,321699820,321699821]"
way,37207096,4,"['access', 'foot', 'highway', 'name']","['no', 'yes', 'unclassified', 'Quirino Avenue']","[4324757103,4324757104,5464924947,5464924946,433178870]"
way,37207110,2,"['highway', 'name']","['residential', 'Jose P. Laurel']","[433178891,433178879]"
way,37207112,2,"['highway', 'service']","['service', 'driveway']","[433178923,321698007,7131223625,17216435]"
way,37207113,4,"['access', 'foot', 'highway', 'service']","['no', 'yes', 'service', 'driveway']","[433178848,6228958781,433178923]"
way,46918496,2,"['access', 'highway']","['private', 'service']","[606282224,598946209,598946210,598946211,598946212,598946213]"
way,46918501,3,"['access', 'highway', 'surface']","['no', 'service', 'gravel']","[5465158288,3896060797,26504563]"
way,53146694,1,['highway'],['service'],"[306542744,672608920]"
way,53441474,2,"['highway', 'service']","['service', 'parking_aisle']","[321699664,675499838]"
way,53444218,2,"['highway', 'service']","['service', 'driveway']","[675541299,675541301,675541303,675541307]"
way,53445865,3,"['highway', 'oneway', 'service']","['service', 'yes', 'driveway']","[5446893672,5446893674,5449325809,675544589,5446893673,675544618]"
way,53445867,1,['highway'],['service'],"[675544567,675544777,5464924945]"
way,61224882,2,"['highway', 'oneway']","['unclassified', 'yes']","[433035183,1235577928,433035194,433035207,1235577918,433035217,433035232,433035244,433035255,433035277,1915570385,433035295,433035304,5464286906,1903908483,5464370852,1915570397]"
way,81465953,1,['highway'],['service'],"[4208396267,1116502902,4208396268,949321455,949321456,949321458,949321462,1116500555,950306026,949321466,949321470,949321474]"
way,92621707,3,"['access', 'highway', 'source']","['private', 'service', 'Yahoo']","[1074577663,1074577664,22352553]"
way,93885863,3,"['highway', 'name', 'source']","['unclassified', 'Saint Joseph', 'Yahoo']","[1802505590,1802504066,5407935250,1135843094,1091403154,3665596403]"
way,94334076,8,"['admin_level', 'boundary', 'highway', 'lanes', 'lanes:backward', 'lanes:forward', 'name', 'surface']","['10', 'administrative', 'tertiary', '4', '2', '2', 'Maginhawa', 'concrete']","[32476389,6328416689,5392763163,5392763164,219736478,1316960648,5392763165,5392763166,32476245,5392763167,32476225]"
way,96333953,2,"['highway', 'service']","['service', 'parking_aisle']","[1116500555,1116500557,1116502920,1116500553]"
way,96333954,1,['highway'],['service'],"[1116500556,1116500557]"
way,96334238,2,"['highway', 'service']","['service', 'parking_aisle']","[1116502899,1116502904,1116502903]"
way,96334239,2,"['highway', 'service']","['service', 'parking_aisle']","[1116502911,1116502920]"
way,96334245,2,"['highway', 'service']","['service', 'parking_aisle']","[1116502917,1116502903,1116500553]"
way,96334251,2,"['highway', 'service']","['service', 'parking_aisle']","[1116502908,1116502917]"
way,96334256,2,"['highway', 'service']","['service', 'parking_aisle']","[1116502898,1116502904]"
way,96334257,2,"['highway', 'service']","['service', 'parking_aisle']","[1116502898,1116502913]"
way,97654127,2,"['highway', 'name']","['residential', 'Fatima']","[1130535800,1130535837]"
way,97654140,2,"['highway', 'name']","['residential', 'Kristong Hari']","[1130535525,1130535720]"
way,97654156,2,"['highway', 'name']","['residential', 'Sto Niño']","[1130535501,1130535683,1130535757]"
way,98181387,3,"['access', 'highway', 'source']","['private', 'service', 'Bing']","[1821023249,1803493782,1135830674,5499455646,1135830745,5499455645,1135830706,1135830733,1135830720,5499470633,1135830728,6281948745,1135830714]"
way,98181392,3,"['access', 'highway', 'source']","['private', 'service', 'Bing']","[5407936232,1135830724,5407936231,1135830666,1135830736,5407936230,1135830690]"
way,98181396,4,"['access', 'highway', 'source', 'tunnel']","['private', 'service', 'Bing', 'yes']","[1135830667,1135830695,1135830718,1135830662,1135830750,1135830690]"
way,98181398,4,"['access', 'highway', 'oneway', 'source']","['private', 'service', 'yes', 'Bing']","[1135830668,1135830675,1135830691,1135830721,1135830649,1135830717,1135830731,5499470631,1135830751,1135830698,1135830682,1802321414,1135830738,1135830697]"
way,98181400,3,"['access', 'highway', 'source']","['private', 'service', 'Bing']","[1135830707,1135830698]"
way,98181401,3,"['access', 'highway', 'source']","['private', 'service', 'Bing']","[1135830707,1135830749,1135830660,1135830667]"
way,98181402,4,"['access', 'highway', 'oneway', 'source']","['private', 'service', 'yes', 'Bing']","[1135830655,5499470635,1135830739,1135830707,5499470632,5499470636,1135830752,1135830727,5499470630,1135830684,1135830672,1135830723,1135830711,1135830650]"
way,98181404,6,"['access', 'bridge', 'highway', 'layer', 'oneway', 'source']","['private', 'yes', 'service', '1', 'yes', 'Bing']","[1135830655,5499470634,1135830697,1135830671,1135830709,1135830713,1135830746,1135830734,1135830699,1135830742,1135830685,1135830725,1135830703,1135830677,1135830696,1135830693,1135830692,1135830673,1135830741,1135830655]"
way,98181413,3,"['access', 'highway', 'source']","['private', 'service', 'Bing']","[1135830706,1135830744,1135830712,1135830724]"
way,98182806,3,"['highway', 'name', 'source']","['unclassified', 'Redeemer', 'Yahoo']","[1135843118,1091403154,5499473652,1135843108]"
way,104238142,7,"['access', 'highway', 'lanes', 'name', 'note', 'oneway', 'surface']","['no', 'trunk_link', '2', 'U-Turn Slot', 'Access restricted due to MRT-7 construction', 'yes', 'concrete']","[1202895298,1202895301,1202895302,5286819622,5286819623,702355007,5286819624,5286819625,702355024,5286819621,5286819628,702355016,5286819627,5286819626,5286818313,1202895303,1202895297,1202895299]"
way,104382522,7,"['access', 'highway', 'lanes', 'name', 'note', 'oneway', 'source:name']","['yes', 'trunk_link', '1', 'U-Turn Slot', 'Access revived as part of MRT-7 construction scheme', 'yes', 'local_knowledge']","[1204284635,1204284633,1204284631,1204284629,1204284636,1204284630,1204284637,1204284632,1204284634,1204284628]"
way,104749027,2,"['highway', 'source']","['service', 'Bing']","[1208264567,5764625252,1208264540]"
way,107509136,2,"['highway', 'name']","['unclassified', 'Veleasquez Extension']","[321698990,675499784,4988160621,5464821476,1235577937,30763208,30763209,4988189464,6463657606,4988189465,5464821478,4988189466]"
way,117163455,1,['highway'],['service'],"[1235577952,5464821487,5464821482,1319775955,5464821481,1319776020,1319775886]"
way,117163473,1,['highway'],['service'],"[672608920,1235578002,5464821485,672608921,5464821483,1235577952,5464821486,672608922,1235577950,5464821484,672608923,1235578005,5464821488,672608920]"
way,117164669,3,"['highway', 'service', 'source']","['service', 'driveway', 'Bing']","[427518899,1404245359,1319793327]"
way,126505712,1,['highway'],['service'],"[1402231139,1541787788,1402231140,1402231137,1402231135]"
way,126505713,1,['highway'],['service'],"[1402231136,1402231139,1402231135,5465098075,5465098074,1402231133]"
way,126511870,1,['highway'],['residential'],"[1402297926,1402297907,1402297928,1402297920]"
way,126511876,2,"['highway', 'name']","['residential', 'Village A']","[1402297896,1402297927,1402297915,1402297926,1402297903,5464974893,5464974892,1402297913]"
way,126575133,1,['highway'],['service'],"[1402839308,1402839300,1402839306,1402839299]"
way,126575134,1,['highway'],['service'],"[1402839307,1402839297]"
way,126575136,1,['highway'],['service'],"[1402839302,1402839309]"
way,126575137,2,"['highway', 'name']","['residential', 'Mabini']","[1402839301,30763225,2634827905,5499240553,30763174,5499240554,5499240557,30763226,5499240552,5499240556,5499240555,30763163,1629353692,2634827897,5499338442,30763165,5499338443,1629353689,30763164]"
way,126749352,2,"['highway', 'service']","['service', 'driveway']","[1404245372,5464286854,1404245359]"
way,126763043,1,['highway'],['service'],"[1404393438,1404393441,321697929]"
way,126764123,1,['highway'],['service'],"[1404414644,1404414654,1404414646]"
way,128739162,1,['highway'],['service'],"[1421839195,321702542]"
way,128742870,2,"['highway', 'service']","['service', 'driveway']","[1421875705,1421875704,1421875702]"
way,128742872,2,"['highway', 'service']","['service', 'driveway']","[1421875704,1421875700,30763186]"
way,128745421,1,['highway'],['service'],"[1421879973,5319831145,1421879972]"
way,128745423,1,['highway'],['service'],"[1421879974,5319831147,321698007]"
way,128837135,1,['highway'],['service'],"[1422677547,1422677546,30763156]"
way,128857593,1,['highway'],['service'],"[1422849169,1422849166,1422849132,1422849130,1422849161]"
way,128857596,1,['highway'],['service'],"[1422849132,1422849173,2672531541,2672531554]"
way,128864882,1,['highway'],['service'],"[1422883751,1422883755]"
way,138246960,3,"['highway', 'oneway', 'service']","['service', 'yes', 'driveway']","[1515529986,1515529989,1515530002,1515530000,1515529997,1515529950,1515529930,1515529906,1515529909,1515529925,1515529986]"
way,138246962,2,"['highway', 'service']","['service', 'driveway']","[1515529950,1515529946,1515529943,1515529939,1515529958,1515529955,1515529962,1515529963,1515529982,1515529994,1515530011]"
way,138246966,2,"['highway', 'service']","['service', 'parking_aisle']","[1515529943,1515529854]"
way,138246975,2,"['highway', 'service']","['service', 'driveway']","[1515530012,1515529962]"
way,138246993,2,"['highway', 'service']","['service', 'driveway']","[1515530014,1515529932,1515529927,1515529925]"
way,140796248,1,['highway'],['path'],"[1541787787,1541787775,1541787772,1541787747,1541787761,1541787704,1541787694,1541787796,1541787774,321702440]"
way,140796254,1,['highway'],['path'],"[675499759,1541787793,1541787781,1541787770,1541787791,1541787771,1541787752,1541787763,1541787693,1541787757,1541787767,1319775957]"
way,149993688,5,"['admin_level', 'boundary', 'hgv:conditional', 'highway', 'name']","['7', 'administrative', 'no @ Mo-Su 04:00-17:00', 'secondary', 'Central Avenue']","[1802319218,1821023225,6281985015,1135830668,1135830650,5499470629,127457565,5499282658,1135830714,6281948737,5320408211,3942736806,1189377659,4208396830,6281948739,3665596403,5499473655,5383505907,6626911460]"
way,149993728,4,"['admin_level', 'highway', 'name', 'oneway']","['10', 'tertiary', 'Magiting', 'yes']","[32476327,1096054454]"
way,149993761,1,['highway'],['path'],"[1541787770,675499838]"
way,149993777,1,['highway'],['unclassified'],"[30763185,4412524979,30764651,427518900,427518899,5464286855,30764652,4412524980,5464286852,1421875703,30763200]"
way,156572896,4,"['highway', 'horse', 'name', 'oneway']","['residential', 'no', 'Salvador', 'yes']","[30763536,2569150772,2569140120,2569140132,30763517]"
way,169058982,1,['highway'],['service'],"[1802316414,1802316405,359382388,1802316411]"
way,169058983,4,"['access', 'highway', 'oneway', 'postal_code']","['private', 'service', 'yes', '1107']","[1802316414,1802317930,1802316408,1802316410,5499427365,1802316409,5499282623,1802316407,1802316406,1802316413,1802316411]"
way,169059235,1,['highway'],['service'],"[1802317738,1802317736,1802317735,6281948748,1802316414]"
way,169059372,4,"['hgv:conditional', 'highway', 'name', 'oneway']","['no @ Mo-Su 04:00-17:00', 'trunk_link', 'Central Avenue', 'yes']","[4014395574,508308318]"
way,169079722,3,"['highway', 'name', 'source']","['unclassified', 'Redeemer', 'Yahoo']","[1135843118,1802507682,1802507683,1802507680,5383503218,1802507678,1802507681,1821023249,1135843114,1802509122,1802504065,1135843138]"
way,169186229,2,"['highway', 'name']","['unclassified', 'Saint Mary']","[1135843108,1803494253]"
way,175172452,1,['highway'],['unclassified'],"[321700094,5464155026,765257057]"
way,175172454,1,['highway'],['unclassified'],"[5464155045,1936202380,5464155033,30763221,1858110574,5464155032,1858110583,5464155031,1936202383,1858110577,5464155030,1936202384,5464155029,1858110586,5464155036,1858110592,1858110579,1858110580,1858110588,1936202382,5464155035,5464155045]"
way,175172457,1,['highway'],['unclassified'],"[321700094,321700096,4412524968,2672533746,5464155052,1858110594,1858110578,1858110576,1319775977]"
way,179942593,2,"['highway', 'service']","['service', 'alley']","[5464155050,5464286880,321700093,5464286899,5464286898,5464924939,5464286897,5464286896,5464286895,5464286886]"
way,181103778,1,['highway'],['service'],"[1915570414,1915570424,1915570464,1915570469,5464286904]"
way,182792972,2,"['highway', 'source']","['service', 'Bing']","[1931500057,1931500055,1931500048,1931500052]"
way,197147765,2,"['highway', 'source']","['residential', 'Bing']","[2074398219,2074398217,5465027735]"
way,197147768,2,"['highway', 'source']","['service', 'Bing']","[306542746,2074398218]"
way,197147772,2,"['highway', 'source']","['service', 'Bing']","[2074398230,2074398231,2074398229,2074398228,2074398227]"
way,209158164,2,"['highway', 'name']","['service', 'Kabalitang']","[2193903081,2193903087,2193903090,2193903093,2193903095,2193903098,1233506748]"
way,237386421,2,"['highway', 'name']","['service', 'A. Roces']","[321700939,30763114]"
way,238068206,3,"['highway', 'name', 'service']","['service', 'Ma. Regidor', 'driveway']","[321700106,1915570629,321700105,1319775870,5464823324,1915570661,321700103]"
way,244415606,7,"['highway', 'lanes', 'lanes:backward', 'lanes:forward', 'level', 'name', 'surface']","['secondary', '4', '2', '2', '10', 'Carlos P. Garcia Avenue', 'concrete']","[2517360527,29025724,22352470,1208264540,5764625253,5727219837,5727232952,1422667800,5320269921,5766134838,5766134850,306542751,1074577672,22352523,5464354439,306542752,5464354437,5464354438,306542750,306542749,22352553,5464354430,5464354431,5464354435,5464354432,5464354434,5464354433,5464354436,215001053,4348132724,306542753,2517360522]"
way,291280383,1,['highway'],['service'],"[4412520604,5941661229,2947184162,2947184163,2947184164,2947184165]"
way,291281065,3,"['highway', 'oneway', 'parking:lane:both']","['tertiary_link', 'yes', 'no_parking']","[5352098525,5352098522,5464354452,5464354453,5352098320,5464354454,5464354455,5352098521,5464354456,2947201513]"
way,291281066,3,"['highway', 'oneway', 'parking:lane:both']","['tertiary_link', 'yes', 'no_parking']","[2947201513,5352098319,5941661239,5941661242,5941661238,2947151050]"
way,291282201,2,"['highway', 'service']","['service', 'driveway']","[5449458245,5449458244,5449458243,2947206140,2947206141,5449458242,5449458241,2947206142,2947206143]"
way,351573419,1,['highway'],['path'],"[3573800294,3573800295]"
way,362211583,7,"['bicycle', 'foot', 'highway', 'junction', 'oneway', 'service', 'surface']","['yes', 'no', 'service', 'roundabout', 'yes', 'driveway', 'concrete']","[1802319228,1802319219,3665596404,1802319223,1802319221,2873927630,1802319220,1802319224,1802319227,1802319222,3665596401,1802319228]"
way,362211587,2,"['highway', 'oneway']","['service', 'yes']","[1802319221,3665596408,2873924251,3665601425]"
way,362211590,2,"['highway', 'oneway']","['service', 'yes']","[1135830658,3665596421,2873927620,3665596409,2873927630]"
way,362211591,5,"['bicycle', 'foot', 'highway', 'oneway', 'surface']","['yes', 'no', 'service', 'yes', 'concrete']","[1802319222,1802319226,1802318805,1802319229]"
way,362211592,2,"['highway', 'service']","['service', 'parking_aisle']","[3665596405,3665596399,1802319226,1802319225]"
way,372827204,2,"['highway', 'name']","['unclassified', 'Emilio Jacinto Street']","[30763155,30763157,2672674727,321704431,1404379997,30763156,321701228,7014239115,7014239114,259135449,7014239113,321704164,321704222,259135455]"
way,391116908,1,['highway'],['service'],"[3942736783,3942736777,5320408163,259135376,3942736787,3942736779,3942736778,3942736795,3942736804,5320408203,259135355,5320408626,3942736805]"
way,391116909,1,['highway'],['service'],"[3942736784,259135395,259135386,259135378]"
way,391116910,2,"['highway', 'service']","['service', 'parking_aisle']","[3942736790,3942736793,3942736778]"
way,391116911,2,"['highway', 'service']","['service', 'parking_aisle']","[3942736786,3942736790,3942736779]"
way,391116912,2,"['highway', 'source']","['service', 'DigiGlobe']","[3942736798,6279956215,3942736806]"
way,391116913,1,['highway'],['service'],"[3942736796,5320408202,3942736797]"
way,391116914,1,['highway'],['service'],"[3942736796,5383505908,5320408205,3942736798,5320408212,5320408220,3942736781,5320408625,5320408624,5320408623,5320408622,5320408621]"
way,391116915,2,"['highway', 'service']","['service', 'parking_aisle']","[3942736793,3942736794,3942736795]"
way,391116917,2,"['highway', 'service']","['service', 'parking_aisle']","[3942736794,3942736802,3942736804]"
way,393227394,4,"['bicycle', 'foot', 'highway', 'segregated']","['designated', 'designated', 'path', 'no']","[321702379,3975142995,3964405947]"
way,394516728,1,['highway'],['service'],"[3975131119,3975131120,3975131121,3975131122]"
way,398689852,13,"['bus', 'foot', 'highway', 'lanes', 'maxspeed', 'maxspeed:bus', 'maxspeed:hgv', 'name', 'old_name', 'oneway', 'ref', 'surface', 'wikipedia']","['no', 'no', 'trunk', '5', '60', '50', '50', 'Commonwealth Avenue', 'Don Mariano Marcos Avenue', 'yes', '170', 'concrete', 'en:Commonwealth Avenue, Quezon City']","[1202895298,702355014,5499240530,5499240529,321702261,1204284628]"
way,398689855,12,"['foot', 'highway', 'lanes', 'maxspeed', 'maxspeed:bus', 'maxspeed:hgv', 'name', 'old_name', 'oneway', 'ref', 'surface', 'wikipedia']","['no', 'trunk', '5', '60', '50', '50', 'Commonwealth Avenue', 'Don Mariano Marcos Avenue', 'yes', '170', 'concrete', 'en:Commonwealth Avenue, Quezon City']","[508308318,6332489166,6332489165,1152137819,508308275,1204284635]"
way,398689856,11,"['bus', 'foot', 'highway', 'lanes', 'maxspeed', 'maxspeed:bus', 'maxspeed:hgv', 'name', 'oneway', 'ref', 'surface']","['no', 'no', 'trunk', '7', '60', '50', '50', 'Commonwealth Avenue', 'yes', '170', 'concrete']","[1204284628,508308278,6332489160,6332489159,6332489171,5475576565,5475588690]"
way,398689857,12,"['foot', 'highway', 'lanes', 'maxspeed', 'maxspeed:bus', 'maxspeed:hgv', 'name', 'old_name', 'oneway', 'ref', 'surface', 'wikipedia']","['yes', 'trunk', '4', '60', '50', '50', 'Commonwealth Avenue', 'Don Mariano Marcos Avenue', 'yes', '170', 'concrete', 'en:Commonwealth Avenue, Quezon City']","[1204284635,5286822443,259135326,702355022,5286822423,1202895299]"
way,436980576,4,"['highway', 'name', 'oneway', 'surface']","['residential', 'Masinsinan', 'yes', 'paved']","[215003230,4348132724]"
way,443692127,1,['highway'],['service'],"[4412520589,4412520592,4742765005,4412520599,4742765006,1421846763,26082684]"
way,481337806,3,"['highway', 'name', 'postal_code']","['unclassified', 'Emilio Jacinto Street', '1101']","[30763155,6125393007,259135460,1422883755,2672531554,130023532,17216442]"
way,481337807,2,"['highway', 'name']","['service', 'E. De los Santos']","[30763200,30764668,1421873929]"
way,481337809,3,"['highway', 'name', 'oneway']","['secondary', 'Carlos P. Garcia', 'yes']","[30763224,5464367904,5464823258,321699458]"
way,481337810,10,"['bus:lanes', 'cycleway:lane', 'cycleway:left', 'highway', 'lanes', 'lcn', 'maxspeed', 'name', 'oneway', 'sidewalk']","['no|yes|designated', 'advisory', 'lane', 'tertiary', '2', 'yes', '50', 'M. Roxas Avenue', 'yes', 'both']","[29025439,5352103857,5446811408,29025461,5446811946,5446811945,5446811374,5446811944,5446811940,5446811943,5446811939,5446811942,5446811938,5446811375]"
way,481337811,10,"['bus:lanes', 'cycleway:lane', 'cycleway:left', 'highway', 'lanes', 'lcn', 'maxspeed', 'name', 'oneway', 'sidewalk']","['no|yes|designated', 'advisory', 'lane', 'tertiary', '2', 'yes', '50', 'Osmeña Avenue', 'yes', 'both']","[2947151050,5941661255,5352103858,17216409]"
way,481337812,7,"['cycleway:lane', 'cycleway:right', 'foot', 'highway', 'lanes', 'name', 'surface']","['advisory', 'lane', 'yes', 'unclassified', '2', 'A. Roces', 'asphalt']","[30763118,2947206145,4412520601,3419025396,2672507941,26082617,7131223624,2672504747,5446856676,675446694,17216429]"
way,481337813,10,"['bus:lanes', 'cycleway:lane', 'cycleway:left', 'highway', 'lanes', 'lcn', 'maxspeed', 'name', 'oneway', 'sidewalk']","['no|yes|designated', 'advisory', 'lane', 'tertiary', '2', 'yes', '50', 'Osmeña Avenue', 'yes', 'both']","[17216414,321704498,2947150906,321704509,30763142,5319831146,17216435,1422671929,6342185507,5319831141,30763120,321703855,4412524985,3419025394,26082617]"
way,483853726,1,['highway'],['service'],"[1402989981,4766005648,4766005649,4766005650,4766005654,4766005651,4766005652,5205445971,4766005653]"
way,483853727,1,['highway'],['service'],"[4766005654,4766005655,4766005657,4766005658]"
way,499040283,2,"['highway', 'service']","['service', 'driveway']","[4903638318,4903638311,4903638312,4903638315,4903638316,4903638317,4903638313]"
way,499040285,2,"['highway', 'service']","['service', 'driveway']","[321700658,4903638310,4903638304,4903638302,4903638301,4903638303,321700656]"
way,509623225,3,"['highway', 'service', 'surface']","['service', 'parking_aisle', 'paved']","[4988186713,4988186714,4988186715,6463657602,4988186716,4988186718,4988186720,4988192823,6463656368,4988192824,4988192825,5141303500,4988186713]"
way,529208752,2,"['highway', 'service']","['service', 'driveway']","[4988189466,6463657596,6463657597,6463657598,4988192826,5141303502,6463656384,6463656369,5141303501]"
way,529208754,2,"['highway', 'service']","['service', 'parking_aisle']","[4988192824,5141303502]"
way,547157509,6,"['access', 'highway', 'name', 'note', 'oneway', 'surface']","['no', 'trunk_link', 'U-Turn Slot', 'Access restricted due to MRT-7 construction', 'yes', 'concrete']","[1202895302,5286818311,5286818320,5286818319,5286818315,5286818317,5286818318,5286818314,5286818313]"
way,547158016,6,"['highway', 'lanes', 'maxspeed', 'name', 'oneway', 'ref']","['trunk_link', '1', '60', 'Commonwealth Avenue', 'yes', '170']","[5286822431,5286822433,5286822434,5286822435]"
way,550894352,2,"['highway', 'oneway']","['service', 'yes']","[5320408184,5320408165,5320422346,5320408158,5320408159]"
way,550894353,1,['highway'],['service'],"[5320408175,259135386]"
way,550894354,1,['highway'],['service'],"[259135395,5320408170]"
way,550894355,2,"['highway', 'junction']","['service', 'roundabout']","[5320408190,5320408188,5320408187,5320408186,5320408185,5320408184,259135384,5320408183,5320408182,5320408189,5320408181,5320408180,5320408179,5320408178,5320408177,5320408176,5320408175,5320408174,5320408173,5320408191,5320408172,5320408171,5320408170,5320408169,5320408168,5320408167,5320408190]"
way,550894358,2,"['highway', 'service']","['service', 'parking_aisle']","[3942736785,5320408192,5320408163]"
way,550894360,3,"['highway', 'service', 'source']","['service', 'driveway', 'DigiGlobe']","[3942736797,5320408193,5320408194,5320408200,5320408198,5320408197,5320408199,5320408196,5320408195,3942736797]"
way,550894363,2,"['highway', 'oneway']","['service', 'yes']","[5320408202,5320408201,3942736805]"
way,550894364,2,"['highway', 'oneway']","['service', 'yes']","[3942736805,5320408204,3942736796]"
way,550894365,2,"['highway', 'service']","['service', 'parking_aisle']","[5320408626,5320408210,5320408209,5320408208,5320408207,5320408206,5320408210]"
way,550894366,1,['highway'],['service'],"[5320408212,6279956216,5320408211]"
way,550894367,3,"['highway', 'service', 'source']","['service', 'driveway', 'DigiGlobe']","[5320408220,5320408218,5320408217,5320408216,5320408219,5320408215,5320408214,5320408213,5320408625]"
way,550894368,2,"['highway', 'source']","['service', 'DigiGlobe']","[5320408633,5320408630,5320408629,5320408628,5320408627]"
way,550894369,2,"['highway', 'source']","['service', 'DigiGlobe']","[5383505907,6279956212,5320408641,5320408640,5320408639,5320408638,5320408636,5320408635,5499252562,5320408633,5320408634,5320408627,5320408162,5499282666,5499252560,5499252561,5320408161,5320408160]"
way,550896127,2,['highway'],['service'],"[5320408166,5320422346,5320422347,3942736783]"
way,551013661,1,['highway'],['service'],"[30763176,5321589286,5499343032,5499343033,5321589287]"
way,551013662,1,['highway'],['service'],"[30763176,5321589288]"
way,558294583,2,"['highway', 'service']","['service', 'parking_aisle']","[5383505885,5383505883,5383505882]"
way,558294589,1,['highway'],['service'],"[5383505888,5383505887,1116500556]"
way,558294590,1,['highway'],['service'],"[5383505890,5383505888,5383505889]"
way,558294594,2,"['highway', 'oneway']","['service', 'yes']","[949321474,5383505902,5383505901,5383505900]"
way,558294596,2,"['highway', 'oneway']","['service', 'yes']","[949321476,1060642196,5383505899,5383505903,949321474]"
way,559724882,1,['highway'],['residential'],"[5766134850,5766134851,5398148260,5398148259,5398148258,5398148257,5398148256,5398148255,5398148254,5398148252,5398148253]"
way,559724883,2,"['highway', 'source']","['service', 'DigiGlobe']","[5398148270,5398148269,5970740216,5970740220,5398148265,5398148267]"
way,559724884,2,"['highway', 'source']","['service', 'DigiGlobe']","[5320269927,5970731130,5970736338,5970731131,5970736337,5970736340,5320269926,5727219837]"
way,559724886,2,"['highway', 'source']","['service', 'DigiGlobe']","[1422667800,5970723406,5398148270,5970723407,5320269416]"
way,560778723,3,"['access', 'highway', 'source']","['private', 'service', 'Bing']","[1135830738,1135830653,5499467406,3722979535,1135830670,1135830704,5499467380,1135830654,1135830656,1135830700,1135830701,1135830702,1135830745,5407936233,3665596416,3665596415,3665596414,3665596411,5407936236,5407936238,5407936234,5407936237,6281948742,4208396830]"
way,560791193,3,"['access', 'highway', 'source']","['private', 'service', 'Bing']","[3665596416,5407936235,5407936234]"
way,565579785,2,"['highway', 'oneway']","['service', 'yes']","[321700941,321700940]"
way,565580577,3,"['highway', 'oneway', 'service']","['service', 'yes', 'parking_aisle']","[321703689,5446856664,675446696]"
way,565965575,10,"['bus:lanes', 'cycleway:lane', 'cycleway:left', 'highway', 'lanes', 'lcn', 'maxspeed', 'name', 'oneway', 'sidewalk']","['no|yes|designated', 'advisory', 'lane', 'tertiary', '2', 'yes', '50', 'M. Roxas Avenue', 'yes', 'both']","[5446811375,2672499686,321700985,5446837592,2672496206,321700940,5446837604,5446856680,5446856678,17216429]"
way,565992384,2,"['highway', 'service']","['service', 'driveway']","[5352041665,5449447898,5449447899]"
way,566236522,3,"['highway', 'name', 'oneway']","['unclassified', 'A. Ma. Regidor', 'yes']","[321704522,5452582522,5452582529,5452582523,5452582530,5452582524]"
way,566236523,3,"['highway', 'name', 'oneway']","['unclassified', 'A. Ma. Regidor', 'yes']","[5452582524,5452582537,2454115549,5452582536,5452582535,29024778]"
way,567760822,1,['highway'],['unclassified'],"[433036624,5464780848,5464155039,1858110584,1858110585,5464155040,5464860670,5464155041,5464860671,1858110582,5464155042,5464155043,1858110591,2452926023,5464860672,1858110587,1858110581,1858110575,1858110588]"
way,567783473,1,['highway'],['service'],"[5464286831,321699663]"
way,567783474,1,['highway'],['service'],"[5464286834,5464286833,5464286835,4903638261,5464286831]"
way,567783475,1,['highway'],['service'],"[5464286833,5464286832]"
way,567783476,1,['highway'],['service'],"[321699663,5464286836,5464286835]"
way,567783477,1,['highway'],['service'],"[1319775947,1649990563,1649990543,5464286879]"
way,567783478,1,['highway'],['service'],"[321700094,4903638269,4903638268,5464155050]"
way,567783479,2,"['highway', 'service']","['service', 'alley']","[5464286894,5464286893,5464286892,5464286891,5464286890,5464286889,5464286888,5464286887,5464286886,5464286885,5464286884,5464286883,5464286882]"
way,567783481,1,['highway'],['service'],"[5464155025,5464286916,5464286915,5464286914,5464286913,5464286912,5464286911,5464286910,5464286905,5464286909,5464286908,5464286907,5464286906]"
way,567795774,1,['highway'],['unclassified'],"[321699807,1935331392,675497846,321699819]"
way,567795775,1,['highway'],['service'],"[321699974,321699976,5464367906]"
way,567795776,1,['highway'],['service'],"[5464367906,5464367907,5464367908,5464367909,5464367910,5464367911,5464367912,5464367913,5464367906]"
way,567866230,2,"['highway', 'service']","['service', 'parking_aisle']","[321699978,321699974]"
way,567866231,2,"['highway', 'service']","['service', 'parking_aisle']","[321699977,321699978]"
way,567866248,2,"['foot', 'highway']","['yes', 'service']","[5464823319,5464823312]"
way,567866258,1,['highway'],['service'],"[5464823309,5464823308,5464823307,5464823306,5464823305,5464823304,5464823303,5464823302]"
way,567866259,1,['highway'],['service'],"[5464823311,5464823310,5464823319]"
way,567866260,1,['highway'],['service'],"[5464823318,5464823317,5464823316,5464823315,5464823309,5464823314,5464823313,5464823312]"
way,567873180,2,"['highway', 'service']","['service', 'parking_aisle']","[321703836,321703837]"
way,567873181,2,"['highway', 'service']","['service', 'parking_aisle']","[321703837,321703838]"
way,567873182,2,"['highway', 'service']","['service', 'driveway']","[2947206143,5941661224,2947206145]"
way,567873183,10,"['bus:lanes', 'cycleway:lane', 'cycleway:left', 'highway', 'lanes', 'lcn', 'maxspeed', 'name', 'oneway', 'sidewalk']","['no|yes|designated', 'advisory', 'lane', 'tertiary', '2', 'yes', '50', 'Osmeña Avenue', 'yes', 'both']","[5352098525,5941661243,5464874475,2947151050]"
way,567877963,1,['highway'],['service'],"[273730020,321697937,321697938,5452582541]"
way,567877964,1,['highway'],['service'],"[30763102,5464910715]"
way,567877965,1,['highway'],['service'],"[321697929,321697930,321697933]"
way,567877966,1,['highway'],['service'],"[321700123,5464910717,5464910718,1404414644,321704489]"
way,567879766,3,"['highway', 'oneway', 'service']","['service', 'yes', 'driveway']","[675544567,5446893672]"
way,567879768,3,"['highway', 'oneway', 'service']","['service', 'yes', 'driveway']","[5795430771,675544567]"
way,567879770,2,"['highway', 'name']","['unclassified', 'Quirino Avenue']","[5795430771,675544618,3981680979,4324757103]"
way,567881805,1,['highway'],['service'],"[321702544,321702545]"
way,567881807,2,"['highway', 'oneway']","['service', 'yes']","[321702542,321702543]"
way,567881809,2,"['highway', 'name']","['unclassified', 'Laurel Avenue']","[26082684,5499364260,3981680994,30763115]"
way,567883843,3,"['access', 'highway', 'name']","['destination', 'unclassified', 'Maramag']","[4903638253,5464959683,5464959682,5464959681,5464959680,5464959679,5464959678,5464959677,5464959676,5464959684,5464959675,5464959674,5464959673,5464959672,5464959671,5464959670,5464959669,5464959668,4903638253]"
way,567883845,3,"['access', 'highway', 'name']","['destination', 'unclassified', 'Maramag']","[1319775957,5464959667,4903638248,5464959666,4903638249,5464959665,4903638253]"
way,567893634,1,['highway'],['residential'],"[5465027736,5465027737,5465027738,5465027739,5465027740,5465027741,5465027742,5465027758,5465027757,5465027756,5465027755,5465027754,5465027753,5465027745,5465027744,5465027752,5465027751,5465027746,5465027750,5465027749,5465027748,5465065013,5465027747]"
way,567899790,1,['highway'],['service'],"[5465081184,5465081183,5465081182,5465081181,5465081180,5465081179,5465081178]"
way,567900765,1,['highway'],['service'],"[5465086251,5465086250,5465086249,5465086248,5465086247,5465086246,5465086245,5465086244,5465086243]"
way,567906300,1,['highway'],['track'],"[5465124136,5465124135,5465124134,5465124133,5465124132,5465124131,5465124130,5465124129,5465124128,5465124127]"
way,567908716,1,['highway'],['service'],"[6463656384,6463657585,6463657586,5465158289,5465158293,5465158288,5465158287,5465158286,5465158284,5465158283,5465158282,5465158281,5465158280,5465158279,5465158278]"
way,569215283,3,"['access', 'highway', 'name']","['destination', 'unclassified', 'Pardo de Tavera']","[321702436,321702437,321702439,5464286858,6383869142,321702441,321702440,321702442,321702443,1421875701,5464286857,5464286853,30763200]"
way,569215285,10,"['foot', 'highway', 'lanes', 'name', 'oneway', 'postal_code', 'ref', 'sidewalk', 'smoking', 'turn:lanes']","['no', 'tertiary', '3', 'University Avenue', 'yes', '1101', '175', 'separate', 'no', 'through|right|right']","[4412520593,2074398257,29025439]"
way,569337871,12,"['foot', 'highway', 'lanes', 'maxspeed', 'maxspeed:bus', 'maxspeed:hgv', 'name', 'old_name', 'oneway', 'ref', 'surface', 'wikipedia']","['no', 'trunk', '5', '60', '50', '50', 'Commonwealth Avenue', 'Don Mariano Marcos Avenue', 'yes', '170', 'concrete', 'en:Commonwealth Avenue, Quezon City']","[1112906972,1116509172,359382172,5475588692,1137212632,508308318]"
way,569341845,11,"['bus', 'highway', 'lanes', 'maxspeed', 'maxspeed:bus', 'name', 'old_name', 'oneway', 'psv', 'ref', 'wikipedia']","['yes', 'trunk', '2', '60', '50', 'Commonwealth Avenue Bus/PUJ', 'Don Mariano Marcos Avenue', 'yes', 'designated', '170', 'en:Commonwealth Avenue, Quezon City']","[5475576580,5475576587,5475576583,5475576586,5475576590,5585622053,2162170729,5499240532,5475576560]"
way,569343205,11,"['foot', 'highway', 'lanes', 'maxspeed', 'maxspeed:bus', 'maxspeed:hgv', 'name', 'old_name', 'oneway', 'ref', 'wikipedia']","['no', 'trunk', '5', '60', '50', '50', 'Commonwealth Avenue', 'Don Mariano Marcos Avenue', 'yes', '170', 'en:Commonwealth Avenue, Quezon City']","[5475588690,5475588691,5475576564]"
way,572403485,2,"['highway', 'name']","['residential', 'E. Aguinaldo']","[30763172,5499240561,5499338450,5499240562,30763171]"
way,572403486,2,"['highway', 'name']","['residential', 'Roces']","[30763135,1629353724,30763136]"
way,572407436,2,"['access', 'highway']","['no', 'service']","[5499240539,5499240534,5499240544]"
way,572407437,2,"['access', 'highway']","['no', 'service']","[5499240538,5499240539]"
way,572407438,2,"['access', 'highway']","['no', 'service']","[5499240537,5499240538,6281948795,5499240532]"
way,572407439,2,"['access', 'highway']","['no', 'service']","[5499240534,5499240535,5499240536,5499240537]"
way,572407440,1,['highway'],['service'],"[5499240546,30763173]"
way,572407441,1,['highway'],['service'],"[5499240548,5499240547]"
way,572407442,1,['highway'],['residential'],"[5499338453,5499338454,5499338455,5499240549,5499240548,5499240550]"
way,572407443,1,['highway'],['residential'],"[30763172,5499240560,5499240565,5499240564,5499240558,5499240563,5499240551,5499240550,5499338451]"
way,572408711,1,['highway'],['service'],"[5499252565,5499252564,5499252563]"
way,572408712,1,['highway'],['service'],"[5499252569,5499252568,5499252567,5499252565,5499252566]"
way,572412470,6,"['admin_level', 'boundary', 'hgv:conditional', 'highway', 'name', 'oneway']","['7', 'administrative', 'no @ Mo-Su 04:00-17:00', 'secondary', 'Central Avenue', 'yes']","[5499282651,5499282653,5499282652,1802319218]"
way,572412471,5,"['bicycle', 'foot', 'highway', 'oneway', 'surface']","['yes', 'no', 'service', 'yes', 'concrete']","[1802319229,1802318928,1802319225,1802319228]"
way,572412472,1,['highway'],['service'],"[5499282660,5499282659,5499282663,6279956219,5499282658]"
way,572412473,1,['highway'],['service'],"[5499282662,5499282655,5499282660,5499282661]"
way,572412474,1,['highway'],['service'],"[5499282665,5499282662,5499282664,5499282663]"
way,572418970,2,"['highway', 'name']","['residential', 'Aglipay']","[30763242,30763164,5499364253,30763175]"
way,572418971,1,['highway'],['residential'],"[5499338452,5499338453]"
way,572428079,2,"['highway', 'service']","['service', 'parking_aisle']","[1802319225,3665596400,3665596407,3665596408]"
way,572428081,3,"['access', 'highway', 'postal_code']","['private', 'service', '1107']","[5499427366,5499427368,1821023234,1802316410]"
way,572428082,3,"['access', 'highway', 'postal_code']","['private', 'service', '1107']","[5499427365,5499427364,5499427363,5499427366]"
way,572428090,3,"['access', 'highway', 'postal_code']","['private', 'service', '1107']","[1821023247,508423949,508423931]"
way,572428091,3,"['access', 'highway', 'postal_code']","['private', 'service', '1107']","[5499427395,5499427392,1802317738]"
way,572428092,3,"['access', 'highway', 'postal_code']","['private', 'service', '1107']","[5499427393,1821023239]"
way,572428093,3,"['access', 'highway', 'postal_code']","['private', 'service', '1107']","[5499427395,5499427394,5499427393]"
way,572428094,3,"['access', 'highway', 'postal_code']","['private', 'service', '1107']","[508423931,5499427400,5499427399,5499427398,5499427397,5499427396,5499427395]"
way,572428096,3,"['access', 'highway', 'postal_code']","['private', 'service', '1107']","[508423931,1821023239,5499427353,5499427367]"
way,572430321,3,"['access', 'highway', 'source']","['private', 'service', 'Bing']","[5499455645,5499455644]"
way,572432620,1,['highway'],['service'],"[5499473653,5499473651]"
way,572432621,1,['highway'],['service'],"[5499473655,5499473650,5499473654,5499473653,5499473652]"
way,584331786,1,['highway'],['path'],"[5585622045,5585622042,5585622041]"
way,584331787,1,['highway'],['path'],"[5585622045,5585622044,5585622043]"
way,584331788,1,['highway'],['path'],"[5585622047,5585622046,5585622045]"
way,584331789,1,['highway'],['service'],"[5585622052,5585622051,5585622050,5585622049]"
way,585294582,4,"['hgv:conditional', 'highway', 'name', 'oneway']","['no @ Mo-Su 04:00-17:00', 'secondary', 'Central Avenue', 'yes']","[1802319218,5499282650,5499282646,5499282649,5499282647,4014395574]"
way,585294583,6,"['bus', 'hgv', 'highway', 'lanes', 'motorcar', 'oneway']","['designated', 'no', 'service', '1', 'no', 'yes']","[5593633283,5593633282,5593633284,1802321418,5593633285,5593633281,5593633286]"
way,589080682,10,"['foot', 'highway', 'lanes', 'name', 'oneway', 'postal_code', 'ref', 'sidewalk', 'smoking', 'turn:lanes']","['no', 'tertiary', '4', 'University Avenue', 'yes', '1101', '175', 'separate', 'no', 'left|||']","[4412520608,5625398292]"
way,589080683,11,"['change:lanes', 'foot', 'highway', 'lanes', 'name', 'oneway', 'postal_code', 'ref', 'sidewalk', 'smoking', 'turn:lanes']","['no|no|no|no', 'no', 'tertiary', '4', 'University Avenue', 'yes', '1101', '175', 'separate', 'no', 'left|||']","[5625398292,24265131]"
way,603214900,2,['highway'],['service'],"[5727232952,5398148267]"
way,608182116,1,['highway'],['service'],"[1116500555,5762674503,5762674501,5320408633]"
way,608182117,1,['highway'],['service'],"[5762674501,5762674502]"
way,608671229,2,['highway'],['service'],"[5766134842,5320269921]"
way,608671230,2,['highway'],['service'],"[5766134843,5766134838]"
way,608671234,2,"['highway', 'source']","['service', 'DigiGlobe']","[249248911,5766134844,5766134843,5766134842,5766134837,5766134836,5766134835]"
way,615743521,7,"['access', 'hoops', 'leisure', 'lit', 'name', 'sport', 'surface']","['yes', '2', 'pitch', 'yes', 'Pook Ricarte Open Air Basketball Court', 'basketball', 'asphalt']","[5822210624,5822210625,5822210626,5822210627,5822210624]"
way,616937686,3,"['highway', 'name', 'oneway']","['secondary', 'Carlos P. Garcia', 'yes']","[5832233084,5464860635,30763224]"
way,617654357,2,"['highway', 'name']","['service', 'Velasquez']","[30763114,4903638313,4412524977,30763212,4742764999,4412522711,30763213,321699983,321698987,3981680976,321699980,5464286876,321698988,30763214,433035341,321699662,3981680975,321699739,5464286832,321699664,675499826,675499832,3981680974,321698990,3981680973,1954602845,967511470,30763215]"
way,617654358,2,"['highway', 'oneway']","['unclassified', 'yes']","[765257057,5464155025,1235577932,433035146,433035156,433035161,433035174,433035183]"
way,617654359,3,"['highway', 'name', 'postal_code']","['unclassified', 'Emilio Jacinto', '1101']","[17216442,29025708]"
way,617654360,9,"['foot', 'highway', 'lanes', 'name', 'oneway', 'postal_code', 'ref', 'sidewalk', 'smoking']","['no', 'tertiary', '3', 'University Avenue', 'yes', '1101', '175', 'separate', 'no']","[17216442,1208264625,2672529819,4412520607,1422682200,4412520608]"
way,617654361,10,"['bus:lanes', 'cycleway:lane', 'cycleway:left', 'highway', 'lanes', 'lcn', 'maxspeed', 'name', 'oneway', 'sidewalk']","['no|yes|designated', 'advisory', 'lane', 'tertiary', '2', 'yes', '50', 'M. Roxas Avenue', 'yes', 'both']","[321704522,5446868291,5446799149,5446799145,5446799146,29024778,273729980,4427432497,5449447869,5449447868,321697928,2212489548,29025095]"
way,617654362,10,"['bus:lanes', 'cycleway:lane', 'cycleway:left', 'highway', 'lanes', 'lcn', 'maxspeed', 'name', 'oneway', 'sidewalk']","['no|yes|designated', 'advisory', 'lane', 'tertiary', '2', 'yes', '50', 'M. Roxas Avenue', 'yes', 'both']","[4988311112,321704517,5446799144,5449409834,321704522]"
way,617654363,3,"['access', 'highway', 'name']","['yes', 'unclassified', 'A. Ma. Regidor']","[5452582524,5452582531,5452582533,5452582526,5452582527,2454115544,29025065]"
way,629319399,1,['highway'],['service'],"[5941602349,5941602355]"
way,629319400,1,['highway'],['service'],"[5941602356,5941602355,5941602354,5941602350,5941602353,5941602352,5941602351,5464286858]"
way,629319407,3,"['access', 'highway', 'name']","['private', 'unclassified', 'Pardo de Tavera']","[4903638224,4903638226,5941602367]"
way,629319408,4,"['covered', 'highway', 'oneway', 'service']","['yes', 'service', 'yes', 'drive-through']","[4903638231,5941602365,5464959661]"
way,629319409,2,"['highway', 'surface']","['service', 'ground']","[5941602367,5941602366,5465158283]"
way,629321710,2,"['highway', 'service']","['service', 'parking_aisle']","[675446696,5449354281,5446790520]"
way,629321711,2,"['highway', 'service']","['service', 'parking_aisle']","[5446837610,321703689]"
way,629323117,9,"['foot', 'highway', 'lanes', 'name', 'oneway', 'postal_code', 'ref', 'sidewalk', 'smoking']","['no', 'tertiary', '3', 'University Avenue', 'yes', '1101', '175', 'separate', 'no']","[29025708,4412520593]"
way,629323119,2,"['highway', 'name']","['tertiary_link', 'U-turn']","[5941632467,5941632466,5941632465,5941632464,5941632463,5941632462,2672529818,5941632461,5941632460,5941632459,5941632458,4412520607]"
way,639876351,2,"['highway', 'name']","['residential', 'Malambing']","[1316925116,249248797,249247444,1316921528,1316921522,1316921494,249248770]"
way,644310586,2,"['highway', 'service']","['service', 'driveway']","[6060058798,6060058800,6060058799]"
way,644310587,2,"['highway', 'service']","['service', 'driveway']","[6060058801,6060058802,6060058803]"
way,653618788,1,['highway'],['service'],"[1422883751,6125393006,6125393007]"
way,653618789,1,['highway'],['service'],"[6125393008,6125393009,6125393010,6125393011,6125393012,6125393013,6125393008]"
way,657268860,5,"['highway', 'lanes', 'lanes:backward', 'lanes:forward', 'name']","['secondary', '4', '2', '2', 'Carlos P. Garcia Avenue']","[284135272,321699458]"
way,657821420,1,['highway'],['service'],"[6160865058,6160865057]"
way,669286590,7,"['highway', 'lanes', 'lanes:backward', 'lanes:forward', 'level', 'name', 'surface']","['secondary', '4', '2', '2', '10', 'Carlos P. Garcia Avenue', 'concrete']","[3243901162,30763493,1422668949,30763494,4903638223,6505184735,606282227,6505184736,306542747,4903638224,22352629,5464974895,306542748,26504563,306542785,967510726,306542784,22352654]"
way,669286591,7,"['highway', 'lanes', 'lanes:backward', 'lanes:forward', 'level', 'name', 'surface']","['secondary', '4', '2', '2', '10', 'Carlos P. Garcia Avenue', 'concrete']","[2517360522,5464354427,5464354428,5464354429,215001054,22352578,30763515,321702379,22352604,321702367,30763178,321702365]"
way,669286592,7,"['highway', 'lanes', 'lanes:backward', 'lanes:forward', 'level', 'name', 'surface']","['secondary', '4', '2', '2', '10', 'Carlos P. Garcia Avenue', 'concrete']","[22352654,6463657599,306542786,6463657601,1422668947,606282224,30763215,4412524974,6463657600,22352680,306542746,2074398219,306542745,3078100919,3078100931,3078073960,672608900,321699807,321699975,306542744,306542743,1422668052,4412524973,5464821480,306542742,22352736,1422668053,284135272]"
way,669286593,7,"['highway', 'lanes', 'lanes:backward', 'lanes:forward', 'level', 'name', 'surface']","['secondary', '4', '2', '2', '10', 'Carlos P. Garcia Avenue', 'concrete']","[321702365,3243901162]"
way,670619381,3,"['highway', 'name', 'parking:lane']","['unclassified', 'Magsaysay Avenue', 'no_parking']","[30763155,6160865058,5585622047,259135466]"
way,670619382,3,"['highway', 'name', 'parking:lane']","['unclassified', 'Magsaysay Avenue', 'no_parking']","[30763118,2947141869,2947206139,321702565,30763151,321701207,321701208,30763145,4412522707,30763158,5352041674,5352041673,6125393008,214998774,321701236,30763155]"
way,670619383,5,"['foot', 'highway', 'lanes', 'name', 'surface']","['yes', 'unclassified', '2', 'A. Roces', 'asphalt']","[26082653,30763150,338421123,3981680990,1402839297,338421126,3981680989,3981680988,30763118]"
way,670619391,12,"['bus', 'foot', 'highway', 'lanes', 'maxspeed', 'maxspeed:bus', 'name', 'old_name', 'oneway', 'psv', 'ref', 'wikipedia']","['yes', 'no', 'trunk', '2', '60', '50', 'Commonwealth Avenue Bus/PUJ', 'Don Mariano Marcos Avenue', 'yes', 'designated', '170', 'en:Commonwealth Avenue, Quezon City']","[5286822431,5286822432,5286822436,5286822435]"
way,670619392,17,"['bus', 'bus:lanes', 'change:lanes', 'foot', 'hgv', 'highway', 'lanes', 'maxspeed', 'maxspeed:bus', 'motorcar', 'motorcycle:lanes', 'name', 'old_name', 'oneway', 'psv:lanes', 'ref', 'wikipedia']","['yes', 'no|designated|designated', 'no|not_left|yes', 'no', 'no', 'trunk', '3', '60', '50', 'no', 'designated|no|no', 'Commonwealth Avenue Bus/PUJ', 'Don Mariano Marcos Avenue', 'yes', 'no|designated|designated', '170', 'en:Commonwealth Avenue, Quezon City']","[5593633286,5499282665,5499282657,5499282656,4014395572,5320408159,949321476,5383505900,5286822431]"
way,670619393,17,"['bus', 'bus:lanes', 'change:lanes', 'foot', 'hgv', 'highway', 'lanes', 'maxspeed', 'maxspeed:bus', 'motorcar', 'motorcycle:lanes', 'name', 'old_name', 'oneway', 'psv:lanes', 'ref', 'wikipedia']","['yes', 'no|designated', 'no|no', 'no', 'no', 'trunk', '2', '60', '50', 'no', 'designated|no', 'Commonwealth Avenue Bus/PUJ', 'Don Mariano Marcos Avenue', 'yes', 'no|designated', '170', 'en:Commonwealth Avenue, Quezon City']","[5593633283,6281948751,5593633286]"
way,670619394,17,"['bus', 'bus:lanes', 'change:lanes', 'foot', 'hgv', 'highway', 'lanes', 'maxspeed', 'maxspeed:bus', 'motorcar', 'motorcycle:lanes', 'name', 'old_name', 'oneway', 'psv:lanes', 'ref', 'wikipedia']","['yes', 'no|designated|designated', 'no|not_left|yes', 'no', 'no', 'trunk', '3', '60', '50', 'no', 'designated|no|no', 'Commonwealth Avenue Bus/PUJ', 'Don Mariano Marcos Avenue', 'yes', 'no|designated|designated', '170', 'en:Commonwealth Avenue, Quezon City']","[5475547313,1802316412,5499282651]"
way,670619396,4,"['access', 'highway', 'name', 'postal_code']","['destination', 'unclassified', 'Emilio Jacinto', '1101']","[29025708,321702009,6505167960,2074398250,30763205]"
way,670821734,6,"['admin_level', 'boundary', 'hgv:conditional', 'highway', 'name', 'oneway']","['7', 'administrative', 'no @ Mo-Su 04:00-17:00', 'trunk_link', 'Central Avenue', 'yes']","[1137212632,5499282651]"
way,676184649,2,"['highway', 'oneway']","['trunk', 'yes']","[6332489160,6332489161,6332489162,6332489163,6332489164,6332489165]"
way,676184650,2,"['highway', 'oneway']","['trunk', 'yes']","[6332489166,6332489167,6332489168,6332489169,6332489170,6332489171]"
way,689062416,2,"['highway', 'service']","['service', 'driveway']","[6463656369,6463656375]"
way,689062417,2,"['highway', 'service']","['service', 'driveway']","[6463656382,6463656381,6463656380,6463656379,6463656378,6463656377,6463656376,6463656383,6463656375,6463656374,6463656373,6463656372,6463656371,6463656370,6463656382]"
way,689062418,2,"['highway', 'service']","['service', 'driveway']","[6060058800,6060058801]"
way,689062419,2,"['highway', 'service']","['service', 'driveway']","[321699914,321699915,6060058798]"
way,689062421,3,"['footway', 'highway', 'service']","['sidewalk', 'service', 'parking_aisle']","[321698995,321698996]"
way,689062423,3,"['footway', 'highway', 'service']","['sidewalk', 'service', 'parking_aisle']","[321698994,321698995]"
way,689062425,3,"['footway', 'highway', 'service']","['sidewalk', 'service', 'parking_aisle']","[321698991,321698994]"
way,689062426,3,"['footway', 'highway', 'service']","['sidewalk', 'service', 'parking_aisle']","[321699914,6463657593]"
way,689062429,1,['highway'],['service'],"[6463657606,6463657605,6463657604,6463657603,6463657602]"
way,692890750,2,"['highway', 'service']","['service', 'driveway']","[2947206139,5449458245]"
way,692890752,1,['highway'],['service'],"[6505147196,6505147195,6505147194]"
way,692892992,1,['highway'],['service'],"[6505167957,6505167956,6505167955,5465124136]"
way,692892993,1,['highway'],['service'],"[2672504810,6505167958]"
way,692895845,1,['highway'],['residential'],"[6505184735,6505184734,6505184733,6505184732]"
way,692895882,4,"['admin_level', 'boundary', 'highway', 'name']","['10', 'administrative', 'residential', 'B. Baluyot']","[321702314,26504666,3243901161,321702365]"
way,705356173,6,"['admin_level', 'boundary', 'hgv:conditional', 'highway', 'name', 'oneway']","['7', 'administrative', 'no @ Mo-Su 04:00-17:00', 'secondary', 'Central Avenue', 'yes']","[6626911460,1803494253,5383503217,5383503216,949321440,6626911466]"
way,705356174,4,"['hgv:conditional', 'highway', 'name', 'oneway']","['no @ Mo-Su 04:00-17:00', 'secondary', 'Central Avenue', 'yes']","[6626911466,6626911465,6626911464,6626911463,6626911462,6626911461,6626911460]"
way,705361375,2,"['highway', 'oneway']","['secondary_link', 'yes']","[5464354432,6626956813,6626956814,6626956815,6626956816]"
way,705361376,2,"['highway', 'oneway']","['secondary_link', 'yes']","[306542749,6626956819,6626956818,6626956817,6626956816]"
way,705363302,2,"['highway', 'oneway']","['tertiary_link', 'yes']","[6626961642,6626961639,6626961641,6626961640,5446811375]"
way,729438708,4,"['bicycle', 'foot', 'highway', 'surface']","['yes', 'no', 'service', 'concrete']","[1802319229,1802319218]"
way,729438709,4,"['bicycle', 'foot', 'highway', 'surface']","['yes', 'no', 'service', 'concrete']","[1802317738,1802320794]"
way,729438710,1,['highway'],['service'],"[5499282651,1802317740,1802317738]"
way,729438711,4,"['bicycle', 'foot', 'highway', 'surface']","['yes', 'no', 'service', 'concrete']","[1802320794,1802319229]"
way,729438712,17,"['bus', 'bus:lanes', 'change:lanes', 'foot', 'hgv', 'highway', 'lanes', 'maxspeed', 'maxspeed:bus', 'motorcar', 'motorcycle:lanes', 'name', 'old_name', 'oneway', 'psv:lanes', 'ref', 'wikipedia']","['yes', 'no|designated|designated', 'no|not_left|yes', 'no', 'no', 'trunk', '3', '60', '50', 'no', 'designated|no|no', 'Commonwealth Avenue Bus/PUJ', 'Don Mariano Marcos Avenue', 'yes', 'no|designated|designated', '170', 'en:Commonwealth Avenue, Quezon City']","[5499282651,4014395574,5593633283]"
way,732008950,1,['highway'],['service'],"[433036624,4412524972,433035646,5464823311,5464823318,3143631707,30763224]"
way,735039685,1,['highway'],['service'],"[1802316411,1802317739,6281948726,1802316412]"
way,747485922,3,"['highway', 'name', 'parking:lane']","['unclassified', 'Magsaysay Avenue', 'no_parking']","[259135466,6994269811]"
way,747485923,3,"['highway', 'name', 'parking:lane']","['unclassified', 'Magsaysay Avenue', 'no_parking']","[6994269811,30763153,5585622055,5585622054,5585622052,5585622048,5585622053]"
way,759939612,5,"['access', 'highway', 'lanes', 'maxspeed', 'surface']","['permissive', 'unclassified', '1', '30', 'asphalt']","[7099005433,7099005434]"
way,768691358,3,"['highway', 'service', 'surface']","['service', 'driveway', 'concrete']","[7176502736,7176502737,7176502738,7176502739,7176502740,7176502741,7176502742,7176502743,7176502744,7176502745,7176502746]"
way,768691359,3,"['highway', 'service', 'surface']","['service', 'parking_aisle', 'concrete']","[7176502742,7176502747,7176502748,7176502749,7176502750,7176502751]"
